<?xml version="1.0"?>
<assembly xmlns="http://maven.apache.org/plugins/maven-assembly-plugin/assembly/1.1.2" xmlns:xsi="http://www.w3.org/2001/XMLSchema-instance"
  xsi:schemaLocation="http://maven.apache.org/plugins/maven-assembly-plugin/assembly/1.1.2 http://maven.apache.org/xsd/assembly-1.1.2.xsd">
  <id>bin</id>
  <formats>
    <format>zip</format>
  </formats>
  <fileSets>
    <fileSet>
      <directory>src/main/webapp</directory>
      <outputDirectory>/</outputDirectory>
    </fileSet>
  </fileSets>
  <files>
    <file>
      <source>target/${project.name}-${suffix}.jar</source>
      <outputDirectory>/</outputDirectory>
    </file>
  </files>
</assembly>
